Контрагенты;ИНН;КПП
13 Вольт;276966916;27601001
220 Вольт;264054954;26401001
220 Вольт НПП ООО;264080182;26401001
Абсолют;7728178835;772501001
"АвалонСтройРесурс""";276127332;27801001
Авантаж;273068223;27301001
АВЕРС ТЕХНО ГК;278209140;27201001
Авто-Мост;277085195;27401001
Автодетальсервис;278079388;
Автодорснаб;272916495;27201001
АвтоПремьер-М;273059765;27301001
Авторитейл М;7714461708;27245001
Агидельтрансавто;253005296;25301001
Адамас-Групп;275080603;27801001
Азимут;276925846;27601001
Азимут СП;273062479;27301001
Айкомп безопасность;277916259;27701001
Академия  АНО ЦДПО;6317701020;631601001
АКОЙЛ;278917470;27801001
Актион-диджитал продажи;7325120984;732801001
Актион-пресс;7702272022;770201001
АКФИКС-РУС;7716835571;771601001
Аларта;278965474;27801001
Алгора;274954760;27401001
АЛЕКС АВТО ООО;245970180;24501001
Алитер-Акси;7811079533;784201001
Алмаз Сервис;6330062736;633001001
Алта;276038516;27801001
Аль-Терма;278155896;27401001
Альфа-Сервис Зубово;278934099;24501001
АльфаСтрахование;7713056834;772501001
АльфаСтройМонтаж ГК;272909466;27201001
Альянс;277130183;27701001
Амиров Ринат Фанилович;27711008757;
Амкард;276054807;27701001
АМТ ТД;277903549;27701001
Аналитический центр;5260270696;770901001
Анкас;7451376055;745101001
"АНО ДПО УКК ""Курсор""";277956798;27701001
АНО ЦТВС им.Г.Кадырова;277985132;
АнтикорПРО ;5905293232;590601001
Анэп;6678022740;667801001
Арго;276091069;27601001
АРМ;277133360;27701001
АРМИДИ-ГРУПП;277130842;27701001
Арсенал-01 ООО ЦПБ;245962340;24501001
Арт-Моторс МБ;276103155;27601001
"Архангельский ИЦ ФГУП РБ ИД ""РБ""";278066967;20343001
АСГАРД;278908719;27801001
"Аскинский ИЦ ФГУП РБ ИД ""РБ""";278066967;20443001
"Ассоциация ""РосТеплостройМонтаж""";7709212270;
АСТ;7724892661;772401001
Атланта ООО;6311175950;631101001
Атомэнергомаш;275050197;27501001
АТРА;6454094699;646401001
Ахтямов Салават Махмутович;24800059162;
Базальтовые материалы ТД;278213548;27801001
Балтийский Лизинг;7826705374;27643001
БАЛТИЙСКИЙ ЛИЗИНГ ;7812022787;783901001
БАРКРАФТ ООО;273902248;27301001
БАШ-ПАРТС;272908920;27201001
Башагротехсервис;276928445;27601001
БашБлагБетон;258950310;25801001
Башвтормет;273009690;25250001
БашДорСервис;224958512;22401001
Башинвестстрой;276122831;26401001
БашИнком НВП;274010931;27501001
Башкиравтодор;274144861;27401001
Башкирнефтепродукт-Башнефть;274051582;27743005
Башкирский кирпич ТД ООО;219009269;27501001
Башкирское СРСУ ПР;274016330;27601001
Башкирское СРСУ ПР;274016330;27601001
Башкоммунводоканал;278181938;27801001
Башметгрупп;273912662;27701001
Башметиз;245014096;27601001
Башмонолитстрой;274921540;27401001
Башнефтехимпродукт;274181983;27401001
Башнефть АНК ПАО;274051582;27743004
Башнефть-Розница;1831090630;27801001
Башнефть-Сервис НПЗ;275075378;25250001
Башнефть-Строй;271006454;24501001
БАШОТДЕЛСТРОЙ;276930155;27601001
Башпроектпромвентиляция;277139210;27701001
Башрезина;276129604;27601001
Башремстрой;277034521;27701001
БашСнабСтрой;6320035268;632001001
БашСтройМатериалы;277083984;27701001
Башстройсервис;273075679;771301001
Башстройтэк;273900032;27501001
Баштепломонтаж  ООО;278202151;27745001
БашТехСнаб;6321344124;632101001
БашЭлектроСтрой Монтаж;272906850;27201001
Бекмухамедова Дилбар Тулкуновна;7728168971;
Бетон-Сервис;262009392;26201001
Бетондеталь;7448169676;744801001
Бетонпоставка;277929378;27701001
Бетонстройсервис;278207777;27801001
БилдСтрой ООО;262034092;25001001
Благотворительный фонд Захара Прилепина;1840071016;184001001
Блочно-модульные технологии;278975306;27801001
БНХРС;277066202;27701001
Бонус ПТФ ООО;276902912;27601001
БравоМастер ООО;273937240;27301001
"Буздякский ИЦ ФГУП РБ ИД ""РБ""";278066967;21443001
БУРИНТЕХ;272010012;27701001
БЭС;253019676;25301001
Варвара ООО;262011828;26201001
Век;259017379;25901001
Велес;5403058644;26445002
Вересень ТПФ ООО;262008945;26201001
ВИКИ-ПРОФ;278905475;27801001
Вираж;1624005650;161601001
ВИСМА;272003015;27401001
ВМЗ АО;7721712864;27743001
ВНЗМ АК;277015293;785050001
Волга Строй-проект;6311116344;631101001
Восток-Сервис-Башкирия;268073154;27745001
ВсеИнструменты.ру ;7722753969;772301001
Газизов Айдар Фаридович;27316848402;
Газовик;6453143128;645301001
Газпром газораспределение Уфа;278030985;25501001
Газресурс;277127864;27701001
ГазСтройИнвест;278122273;27801001
Гайсина Светлана Борисовна;27814417470;
Галерея окон;273083422;27301001
Галимов Марат Раянович;20204220430;
Галямов Эдуард Рафаилович;26006930937;
Гараж КС;278915177;27801001
Гареев Эдуард Артурович;9703077050;770301001
Генератор плюс;273083782;27601001
ГИБДД УВД по г.Уфа;276011698;27601001
Гироскоп ;245025482;24501001
ГК Евразия;275085489;27501001
ГК СДМ;6312143710;631801001
Глонасс;7703383783;770501001
Горизонт;278141660;27801001
Горный Нефтегазовая компания ООО;7801399975;771401001
Гос.кадастровая оценка Нефтекамск;278931806;27801001
Гранд;273900307;27301001
ГрандСтройМенеджмент ООО;274983017;27201001
Группа Бринэкс;1650134050;632101001
ГТО;274926499;27401001
ГТО ООО;274926499;27401001
"ГУП Санаторий ""Красноусольск"" РБ";219005521;21901001
Гюлистан;274055700;27401001
ДАКТОР УФА СЕЛЬСКАЯ;276971419;27601001
Дастан;277133346;27701001
ДВК ГРУПП;7704382422;770401001
Дедал;272901403;27501001
Декабрь;273075277;27301001
Деловые Линии;7826156685;785050001
Деметра;278082207;27801001
Динамо;274021700;27401001
Динса;275076935;27501001
ДЛ-Транс;7810000499;785050001
ДНС Ритейл;2540167061;631643001
Дом  Электрики;277947433;27701001
ДорСнабСервис НПФ;276927716;27601001
ДубльГИС;5405276278;997750001
ЕвразМеталл Урал;6670072435;27845001
Единая торгвая площадка;7707704692;772501001
Елина Александра Михайловна;27900212412;
Еремель;277016392;27701001
Ермолаев Василий Александрович;6,13502E+11;
ЖелДорЭкспедиция;6311076966;631801001
Железобетон-Уфа ГК;245955270;24501001
Жерносек Сергей Николаевич;27718706415;
Жилпромстрой СФ ;274148979;27401001
Жилстройкомсервис;258953488;25801001
Журнал Монтажные и специал.работы в строительстве;7710861840;771001001
Заветстройсервис;274952072;27401001
Завод котельного оборудования;6449079310;644901001
Залог Успеха;273049848;27301001
ЗАМАН-ЭПОХА;278906951;27801001
"ЗАО ""ТЕПЛОМОНТАЖ""             ";7719037926;774501001
Золотое Руно;273093854;27301001
ЗТИ;3628001851;362801001
Зырянов П.С;27803245500;
"Иглинский ИЦ ФГУП РБ ИД ""РБ""";278066967;22443001
Игнатьев Владимир Александрович;7702070139;
"ИД ""Республика Башкортостан""";278066967;27801001
ИД Евро 18;1831146931;
ИДТ ООО;6312201835;631201001
ИЛ-ТЭК;275923331;27501001
Империя инструмента ГК;7728388374;772501001
Индустрия-сервис;277105719;27701001
Инженерный Центр АС Теплострой;7452041502;745201001
Инспектрум  ПКМО;277124782;27701001
Интернет Решения;7704217370;997750001
Интерсварком;276126716;27601001
Интерстиль фирма;273032668;27301001
Интерстройсервис;258007963;27801001
ИнтерТехДилер;7720735530;772001001
ИОЛАУФА;274961599;27401001
ИП Абзалилов Альберт Фаязович;20301192228;
ИП Арамелев Игорь Викторович;27812674714;
ИП Арутюнян А.Р.;7,44845E+11;
ИП Асраров Альберт Мухаматбаянович ;26410918133;
Ип Ахмадуллина Гульнара Сабиряновна;27715257970;
Ип Ахметзянова Алия Маратовна;26905101432;
ИП Ахунова Рафида Ринатовна;21200624508;
ИП Бакирова Гузалия Флюровна;22900981585;
ИП Барышев Андрей Юрьевич;27616926475;
ИП Батршин Азат Ильфатович;25002442172;
ИП Баширов Руслан Равильевич;5,61014E+11;
ИП Баязитова Елена Владимировна;27310876354;
ИП Бекмухамедова Дилбар Тулкуновна;23403537371;
ИП Бичурин  Михаил Валерьевич;27711777262;
ИП Борисова-Шильке Л.В.;27709320060;
ИП Быкова  Дарья ;25708476102;
ИП Васильев Андрей Павлович ;24503329874;
ИП Вербицкий Дмитрий Николаевич;7,80601E+11;
ИП Власова Дарья Игоревна;27616524504;
ИП Галимханов Рафит Рафаилович;26006306327;
ИП Галиуллин Фаим Габдулхаевич;27703321500;
ИП Ганеев Рустем Ильдарович;27700274926;
ИП Гиззатуллина Нелля Зуфаровна;26507397879;
ИП Гильманова Марина Михайловна;27704607485;
ИП Гилязетдинов Салават Раисович;27404594316;27401001
ИП Гиндуллин Вильдан Дамирович;21701344261;
ИП Гиниятова Дина Мударисовна;27402123216;
ИП Глава КФХ Тухватшин Артур Валериевич;20204296662;
ИП Глазырин Сергей Сергеевич;7,45304E+11;
ИП Горбунова Любовь Алексеевна;23500009708;
ИП Губайдуллин Айнур Рамилевич;20501475311;
ИП Давлетова Альфия Римовна;27602989517;
ИП Джалолов Искандар Назарович;22003420514;
ИП Егорова Евгения Замилевна;27602584447;
ИП Зайнетдинов Ринат Мирзагитович;26509934303;
ИП Закиров Ильшат Анфарович;27310234942;
ИП Захаров Евгений Иванович;23300762664;
ИП Зямилов Ринат Винерович;27719559837;
ИП Индоян Арман Рушанович;27414258377;
ИП Искандаров Рафаиль Ягудатович;24504690113;
ИП Исхакова Эльвина Ильясовна;27412242950;
ИП Ишмухаметов Азамат Юлаевич;26201279638;
ИП Кадрметов Руслан Талгатович;27605349900;
ИП Калинин Александр Николаевич;5,6121E+11;
ИП Кашапова Анна Владимировна;20200548196;
ИП Кокорева Наталья Семеновна;27318179556;
ИП Колокольников Павел Валентинович;7,72022E+11;
ИП Кондратюк Роман Валентинович;27411344684;
ИП Кулушев Иван Сергеевич;1,65122E+11;
ИП Курышев Юрий Александрович;7,81603E+11;
ИП Латыпов Руслан Альбертович ;25000317553;
ИП Лукманов Рамиль Салимьянович;26004527962;
ИП Лысова Валерия Александровна ;27615500571;
ИП Мамаев А.Г.;27712436723;
ИП МингазовАлмаз Ильясович;24504453000;
Ип Мирхайдаров Рамиль Раисович;27711773701;
ИП Михайленко Евгений Владимирович;27501153028;
ИП Молостова Елена Валерьевна;27805939550;
ИП Мугаллимов Марат Ринатович;25802663195;
ИП Муллакаева Рима Мустафьевна;27809629623;
ИП Муслимов Альфрит Анварович;27609203154;
ИП Мустаев Салават Хабибрахманович;22904874048;
ИП Муталлапов Артур Альбеотович;24503227569;
ИП Мухаметгалиева Айгуль Динисламовна;26510229070;
ИП Нечепуренко Анатолий Николаевич;25900896695;
ИП Нигматуллин Азат Альфретович;26004853758;
ИП Никитин Игорь Витальевич;27314749090;
ИП Нугайгильдин Ильгиз Кудабаевич;22300656872;
ИП Нуриев Азат Раисович;27003683086;
ИП Нурмухаметов И.Ф.;27715115862;
ИП Осипова Наталья Александровна;27412290858;
ИП Павлов Илья Владимирович;27800942800;
ИП Павлюков С.П.;6,61702E+11;
ИП Пакулин Дмитрий Анатольевич;4,70103E+11;
ИП Петрань Павел Валериевич;2,34606E+11;
ИП Подковко Даниил Фанурович;27710960804;
ИП Подлескин Иван Валерьевич;27410620518;
ИП Полозук Олеся Вадимовна;27501519674;
ИП Прокофьев Константин Николаевич;26103339102;
ИП Рождественский Константин Олегович;25301811942;
ИП Сагитов Азат Радисович;26414150886;
ИП Садриев Динар Рамзитович;1,65047E+11;
ИП Садрисламов Марат Римович ;26412389929;
ИП Сазонова Татьяна Николаевна;27508329344;
ИП Салынов Андрей Владимирович;27610394457;
ИП Самигуллина Энже Ирековна;26005456270;
ИП Сафин Раис Масхутович;27414439704;
ИП Степанов Александр Петрович;27805105570;
ИП Степанов Дмитрий Александрович;27301335750;
ИП Супроненко Дмитрий Андреевич;27414560700;
ИП Суслов Константин Александрович;27609837009;
ИП Тайбугин Раис Фаритович;27757249628;
ИП Тулиганов Марсель Дамирович;26201931878;
ИП Тютченко Андрей Владимирович;7,44713E+11;
ИП Улемаев Владислав Ирекович;27317160337;
ИП Файзуллин Тимур Ринатович;27405819393;
ИП Фархутдинова Эльза Фаильевна;27417004412;
ИП Фахретдинов Азат Данирович;27501239606;
ИП Федоров Евгений Александрович;22905682050;
ИП Фомин В.А. ;26408257729;
ИП Фомин Вильдан Альбертович;26408257729;
ИП Фроляк Светлана Анатольевна;23301568282;
ИП Хабибуллин Динар Радикович ;23501801063;
ИП Хазиев Рустам Расулович;26403173384;
ИП Хайтман Лев Моисеевич;27403245792;
ИП Хакимова Лияна Газинуровна;26410650101;
ИП Халиуллин Венер Зиннурович;25502810843;
ИП Халфина Светлана Минзагитовна;26300011021;
ИП Ханнанов Айдар Фархатович;25301898206;
ИП Ханнанова Рузиля Халитовна;22904166292;
ИП Хасанов Рустем Фаритович;26408296326;
ИП Хафизов Эльмар Мутагарович;20202472256;
ИП Хисматуллин Радмир Рафисович;20202312189;
ИП Царьков Юрий Владимирович;27504459504;
ИП Цой Андрей Сергеевич;7,72481E+11;
ИП Цой В.С.;27721823278;
ИП Чиркова Светлана Анатольевна;27318568665;
ИП Шаемхамитова Лейсан Раисовна;21400627168;
ИП Шаманов Николай Александрович;25904851409;
ИП Шарапов Ирик Ильясович;23600175579;
ИП Шунков Антон Вадимович;27507476089;
ИП Юсупов Ильгиз Закариевич;21602863440;
ИП Якин Илья Валериевич;6,63105E+11;
ИПБайметова Анастасия Евгеньевна;27604011018;
ИСОМАКС;7707354254;770701001
ИСОСТАНДАРТ;7726454328;772601001
Испарит;260012008;26001001
Исток ;239004043;23901001
Исток плюс;278033104;27801001
Казначейство России (ФНС России);7727406020;770801001
Калачян Карен Погосикович;24501013709;
Калимуллин Винер Ахатович;7744000126;
Капитал;274185321;27401001
КапМан (переименован в Вектор);275901426;27501001
КАРАЛ;1650415156;165001001
Кармаскилинское ДРСУ;274144861;22943001
Каскад;273084793;
Кашалот;6679113421;667901001
Квадро ООО;274985053;27401001
КВАДРО УРАЛЬСКАЯ ОТДЕЛОЧНАЯ КОМПАНИЯ ООО;274973996;27401001
Квазар;6319242870;631901001
Кворум;275923927;27501001
КЕХ еКоммерц;7710668349;997750000
Киракосян Герген Лёваевич;26111175289;
КИТ ТК;6679113421;667901001
Клиника профилактики ММЦ;273047431;27301001
Колеса даром.РУ;1651066469;165101001
КолосЪ ООО;9717068577;771701001
Колумб;201014437;20101001
Компания Магви;2463092281;246301001
Компания ТранзитСтрой ООО;278906060;27801001
КОМПАС;276162270;27601001
Комплект сервис;276968945;27601001
Комплектэнергоучет;7805385620;783901001
Комстрой;275063809;27501001
Консалтпроф;9729325589;772901001
Контур СКБ ПФ АО;6663003127;668601001
Конфаэль шоколад;5024100910;502401001
КОРВЕСТ;277124302;27701001
КРАСНЫЙ КЛЮЧ - АКВА ООО;276908350;27601001
Крекс;275008050;27801001
Крыша-Уфа;277942210;27701001
КСП;250012560;25001001
Кумертауский асфальтный завод;262027144;26201001
Кургузова Алёна Викторовна;25001759586;
Курсор ЧОУ ДПО УКК;277068150;27701001
Лаборатория Гемотест;7709383571;770201001
ЛЕ МОНЛИД;5029069967;27445001
Лемезинский Родник;274187664;27401001
Лесавик;5261092340;526101001
ЛИД;7604275917;760401001
ЛИДЕР;9717166278;771701001
ЛидерПро;276941647;27601001
ЛидерСтрой;277918947;27702001
ЛидерСтройГНБ;274947153;27401001
ЛМ-ГРУПП ООО;5006016013;771801001
ЛСК-Гарант;276145660;27601001
Лукойл-Интер-Кард;3444197347;997650001
Луч;245968470;24501001
М Строй;273074146;27701001
М-пресс;7713754243;770301001
Магистраль;6324102959;632401001
МАГМеталлКомплект;277062335;27701001
Магнет;278195786;27801001
Максидом;7804064663;27645001
МаксиПром;273080534;27601001
МастикИзол;6678062453;667801001
Машэнерго;278185227;27801001
Маяк ООО;9724068218;773001001
МВ-Строй +;276909354;27601001
МЕГАТРАНССТРОЙ;274183772;
МегаФон Ритейл;7825695758;631643001
МедиаСофт эксперт;7719007417;771901001
Межотраслевой институт;278007312;27801001
"Мелком-Трейдинг""";6686057834;668601001
Металлнефтепроект холдинг;6686100857;668601001
Металлотехника;274048710;27401001
Металлоторг;7118018781;710150001
Металлоцентр Плюс;262018460;26201001
Металлсервис;275927470;27501001
Метало-Промышленная компания;6672305029;667001001
Меттекс;5017036075;
МЕТТРАНСТЕРМИНАЛ;6686073730;668601001
МиАл;278021564;27801001
Мингалев А.В. ИП;20701207214;
"Министерство финансов РБ (ГБОУ ВПО ""Башкирская академия государственной службы и управления при През";274033939;27401001
Мир абразива;6319217640;631600100
Мицубиши-Сервис;276151945;27601001
Мицубиши-Центр;278123340;27801001
МонолитАльянс-М;278202176;27701001
МонтажПромКомплект;273094760;27301001
МонтажТеплоСпецстрой;7713387184;770901001
МСБ;9717003989;771601001
МТС ОАО;7740000076;27602001
МТС-сантехника;274068988;27401001
Мята;262035610;26201001
Налоговая безопасность  ;276900369;27601001
НГМС ЗАО;278053421;27801001
НГС;264070579;26401001
НефтеГазСтрой, УЦ ООО ;277900883;27701001
Нефтекамскстройсервис ЗАО;264020289;26401001
НЕФТЕСТРОЙ;276138101;
Новатех ВР;245971151;24501001
Новая строительная газета;9703003114;770301001
Новиков Алексей Юрьевич;6,61903E+11;
НОВОЙЛ Стандарт;277950740;27701001
Новойл-Башнефть;274051582;27743002
НПЗ-Транс;277081708;27701001
"НПФ ""ДорСнабСервис""";276927716;27601001
НТ;1656069657;165601001
НТСНАБ;278198770;27601001
НТТРАНС ТЭК ООО;276071400;24501001
НХРС ООО;1660256032;166001001
"Общество с ограниченной ответственностью ""Производственное объединение Каскад""";6318067738;631801001
Овен-Уфа ООО;275077738;27601001
Огнеупор-Комплект;6330064405;633001001
ОЙЛ-МАРКЕТ Автоцентр ;273940268;27301001
Ойлтиммаш ООО;262026246;26201001
"ООО ""Автодорснаб""";272916495;27201001
"ООО ""АЛКИ-УРАЛ""";274156585;27701001
"ООО ""ГАЗ-ЭНЕРГИЯ""";276936252;27601001
"ООО ""МЕТАЛЛИНВЕСТ""";6317109329;631701001
"ООО ""МеталлИнвест""";6317109329;631701001
"ООО ""НОВОЙЛ Стандарт""";277950740;27701001
"ООО ""ПК Каскад""";6319217827;631901001
"ООО ""ПК МТО""";7017494495;701701001
"ООО ""ПРОМИНДУСТРИЯ-САМАРА""";6319216478;631901001
"ООО ""ПРОМКОНТАКТСТРОЙ""";275066285;27601001
"ООО ""ПромСтройИнвест""";277913459;
"ООО ""ПРОФСТАЛЬ""";278977494;25045001
"ООО ""СИТИ СТРОЙ""";262036607;26201001
"ООО ""СК ""ИЖОРА-ЭКСПОРТ""";7802724434;27401001
"ООО ""Спецтрейд""";262027680;26201001
"ООО ""Спорттехнология""";7806561050;780601001
"ООО ""Стройцентр""";274149228;27401001
"ООО ""Теплоавтоматика""";245957157;24501001
"ООО ""УДМ""";229954462;22901001
"ООО ""Учебный Центр Профессиональной Подготовки""";274914246;27401001
"ООО ""Фирма СУ-10""";274101890;27701001
"ООО Оптовая Компания ""Давран""";273946100;27301001
Оренбургский гоударственный университет УВО;5612001360;
Оригинал;6732077235;673201001
Офисмаг-РТ ООО;3662149706;366201001
Пайптулз;7713409279;771301001
"ПАО ""ТРАНСКАПИТАЛБАНК"" г.Москва";7709129705;770901001
Паритет ООО;263012334;26301001
Партнер ;258950159;25801001
Партнер ;274136370;27601001
Партнер ТК;275914658;27501001
ПартнерГрупп;275080297;24501001
Первая Сервисная Компания;278189983;27801001
Перевозофф;277128434;27401001
Петро-М;277119207;27701001
"ПК ""ШКК""";251006640;25101001
Планета чистоты;276119892;27601001
ПМЦЗ;5921025424;592101001
Полипласт-Уфа;273052907;27301001
Попенов Александр Валерьевич;27314381539;
Почта России -ОСП Уфимск. почт;7724261610;27432001
ППЖТ ПАО БСТ;277041857;27701001
Прабо;7721687488;504101001
Право на жизнь;274918233;27401001
Прима ООО;277956879;27701001
Проектсервис;276117905;772601001
Промгазкомплект;6311195794;631101001
ПромГазЭнерго;6450058805;645001001
Промизоляция ГК ООО;276953650;27601001
ПромКонтинент;277079392;27701001
ПромМашКарьер;274968065;27801001
Промнасосинжиниринг ООО;276114686;27401001
ПромРесурс;274184085;27401001
ПРОМРЕСУРС ООО;274165050;27701001
ПромСтройИнвест ООО;277913459;27201001
ПромСтройКомплект ПКФ;5256145075;525601001
Промтехнология;268042477;26801001
Промфинстрой;7707088732;772301001
Промэкология;276001139;27601001
ПРОФ ТД;273939791;27301001
Проф-Сервис;276095666;
ПРОФИ ;276953025;27601001
ПРОФИТ ООО;268088785;26801001
Психиатрич.больница;278067833;27301001
ПЭК;7721823853;775050001
Работа для Вас в Уфе;277122023;
Раевсахар;202008309;20201001
Развитие ГК;273933486;27301001
Рахимов Артур Риназович;23802886504;
РДС ВОЛГА;5638068055;563801001
РДС Сибирь;2465318262;246501001
Реалспецстрой;268069655;26801001
РЕГ.РУ;7733568767;774301001
Регион-Подшипник;273900635;27301001
Региональная торгово-промышленная компания ООО;6658158559;668501001
РегионДорСтрой;277040885;27401001
РегионСтальКомплект;245950521;24501001
РЕГИОНТЕХКОМПЛЕКС ССК;278978561;27801001
Рекламно-производственная группа компаний;278157090;
Ремонтно-технический центр;276911466;27601001
Ремсервис;278913589;27801001
РЕМЭКС;277089249;27701001
"РЕСО-Гарантия"" Филиал в РБ";7710045520;
Респект;276085040;
Ресурс;277120636;27701001
Ресурспоставка;273075277;
РЖД;7708503727;
РЖД;7708503727;997650001
Ринова-строй;274178973;27301001
"РКК-Кузнецовский Затон""";278941610;27801001
РМП;277053027;27701001
РН-Карт;7743529527;772501001
РН-Транспорт;274089610;24501001
Роботехника ООО;278912338;27801001
РОБУ;1657134725;165701001
РОЛЛпром;278204110;27801001
"РООР ""Союз строителей РБ""";274099827;
Ростехнадзор;5902290459;590201001
Росток-плюс;276053881;27601001
РС;277919002;27701001
РСМП;277118394;27701001
РТР Группа СИС;5407257930;540701001
РТС-тендер;7710357167;997750001
Рубин;277135030;27701001
РУКС КП РБ;274108172;27601001
РусЛес ООО;273945851;27301001
Русметалл;278134159;27601001
РусТех;229952828;22901001
РЭЙД-21;273909596;27201001
"САК""ЭНЕРГОГАРАНТ""";7705041231;784243001
СамараДорМаш;6318010178;631901001
Самаратепломонтаж;6316038192;631201001
"Самарский филиал Банка ""ВБРР"" (АО) г.Самара";7736153344;
Самсон-Башкирия;277089256;27701001
СамЭнергоТранс ООО;6319183127;631901001
Санаторий Зеленая роща;274922769;27401001
СарГазКом ПКФ;6452945305;645201001
САТУРН БАШКИРИЯ;277918390;27601001
Сатурн-Уфа;272018082;27201001
Сбербанк-АСТ;7707308480;770701001
Сварог ООО;6312188366;631201001
СвязьИнформСервис;274051857;27801001
Север-юг УК;7814638282;781301001
Селтоп;9717064340;771701001
СервисСтрой;6330055143;633001001
Сертум-Про;6673240328;668601001
Сетка Плюс;278913451;27801001
Симира;5024181764;502401001
Синтез-ремонт;277039640;27701001
Ситилинк;7718979307;560945001
СК С.М.Т. ООО;274979821;27401001
"СК""ЛЕСАВИК"" ООО ";5261123750;526101001
СМП Промстроймонтаж;273084507;27701001
СМУ Промстрой ООО;226005201;26801001
СМУ-1 Эколог Башспецнефтестрой;277929032;27801001
СМУ-4 Уфаспецстрой;277082155;27701001
СОЮЗ ООО;253019690;25301001
Спектр;273908271;27301001
Спектр НПП;2124040578;212401001
Спецавтохозяйство АО;276178778;27601001
Спецавтохозяйство МУП;276005180;27601001
Спецзащита;275068395;27601001
СпецПрофи;273913909;27301001
Спецстрой ООО;276938130;27301001
СпецТоргСнаб;6686024236;668601001
Спецтранс;277926377;27701001
Спорт;202008820;20201001
Сталепромышленная компания;6671197148;27703001
Стан;273099253;27301001
СТАРСТРОЙ;2308063783;231501001
СТИЛЭКОПРОМ ООО НПП;274164508;27601001
СТИМУЛ ООО;262029007;26201001
СТК-ПРОЕКТ;277924845;27701001
Строительная Производственная Компания;277939104;27801001
Строительно-монтажная компания ООО;277126050;27701001
Строительное предприятие Стройпроект;278204536;27801001
Строй Сити Трейд;5617021458;560901001
СтройАР ООО;262014748;26201001
СТРОЙБЕТОН;278938632;27801001
Стройвермита;276077106;27601001
Стройиндустрия;277111649;27701001
Стройка-Аренда;1656049770;166101001
СтройМашСервис;272024375;27201001
СтройМетПроф;277901206;27701001
СтройМетПроф;277901206;27701001
Строймеханизация-2;274170131;27401001
СтройМонтажРемонт;277133949;27701001
СтройМонтажСервис;277107508;27701001
СтройОборудование;278960109;27801001
Стройпак плюс ООО;276940298;27601001
СтройСитиРитейл;269036123;561001001
СТРОЙТЕХСЕРВИС;278937621;27801001
СтройТэм ;274182610;27401001
СТС ООО;277958379;27701001
СТС-Автодор;278178043;27801001
СТФ Декор-Уфа ООО;278903862;27801001
Сухоложские огнеупоры;6633008791;663301001
Сухоложский огнеупорный завод;6633000665;663301001
Т.Б.М. ООО;5029071701;502901001
Таир;278910612;27201001
Таиф;202012062;20201001
Танып;253007335;27201001
Тегола Руфинг Сейлз ООО;7718666382;771801001
Тензор Компания;7605016030;27445004
ТеплоГазСервис;276939493;27601001
Теплокомплект;6767022150;672701001
Тепломир-Уфа;272021751;27201001
Теплопромкомплект;1650327453;165001001
ТеплоУфа;276958094;27601001
Термал-Уфа;273053964;27301001
Термолайн;5050138853;505001001
Техинвест;273060263;27301001
Техкомплект;277915625;27301001
Технип ТК ООО;273090606;27301001
Техноавиа-Уфа;278126528;27801001
ТЕХНОЛОГИИ БЕЗОПАСНОСТИ;272901379;27201001
Технологии тепла ООО;278942886;27801001
ТехноНИКОЛЬ;7709331654;771401001
Техносервис;277125514;22401001
Техноторг ООО;6318238817;631801001
Техноцентр-Нефтемаш;7627032477;762701001
Титантранс;242013288;24201001
Тихий дом;245970800;24501001
ТКГ;6670499925;667001001
ТОК-МАРКЕТ ООО;277957632;27701001
ТОРНАДО;3123449024;312301001
Трансгарант;272907483;27201001
Трансмегастрой ООО;6330053932;633001001
Транспортные Технологии;7816567478;782001001
ТрансТехСервис Филиал № 2;1650131524;27645006
ТрансТехСервис-18;278123340;27801001
ТРАСТРОЙ;277138104;27701001
Трест 63;6315637933;631701001
Трубосервис;278926612;27601001
Трэк;278042123;27401001
ТТК;245020237;
Тычков Сергей Владимирович;20204200787;
ТЭК-Торг;7704824695;770401001
ТЭКСТРО;278183780;27701001
ТЭС-УФА;273058095;27305809
Тютченко Андрей Владимирович ИП;7,44713E+11;
УГНТУ;277006179;27701001
УМЦ БТИПБ;278156508;27501001
УНПЗ-Башнефть;274051582;27743001
УпакСервис  ООО;277962230;27701001
Управление по обеспечению деятельности жилищно-коммунального комплекса РБ;278972136;27801001
Урал;277123041;27701001
УралАвтоматика;278130933;27301001
Уралсантехремстрой;276115016;27401001
Уралсталь ООО;273042730;27301001
УРАЛСТРОЙИНВЕСТ;277133018;
Уралстройинвест ПК;275020330;27301001
Уралхолдинг;276126770;27601001
Уральская коллегия адвокатов Республики Башкортостан;274990529;
Уральский завод лакокрасочных изделий;6658323749;668601001
УСК ООО;273950072;27301001
Усынин Игорь Владимирович;7,40403E+11;
УТЕКО;273907091;27601001
Утро пресс;278931193;27801001
Уфа-Экосервис;275047451;27701001
Уфабумторг;278097570;27601001
Уфадормаш;229950531;22901001
Уфамебель-дизайн;276071129;27601001
Уфанефтехим;274051582;27743004
Уфанефтехим-Башнефть;274051582;
Уфаоргсинтез ПАО;277014204;25250001
Уфаспецстроймонтаж;278907296;27801001
УфаСтройКерамика;273074210;27301001
УфаСтройСнаб ООО;278174031;27801001
УфаТоргСтрой ООО;276913054;27601001
УфаШинТорг;272901562;27701001
Уфаэнергомаш;245957439;24501001
Уфимская гипсовая компания;273037634;27301001
Уфимская шинная компания ООО;276126850;27601001
Уфимский железобетонный завод-2;273018416;27301001
Уфимский трубный завод;277117520;27601001
Уфимский центр промышленного снабжения;278174909;27601001
УФК по РБ (БРВПС л/с 20016Х27890);5902290191;27802001
УФК по РБ (Гостехнадзор РБ);274151386;27401001
"УФК по РБ (ФБУЗ ""Центр гигиены и эпидемиологии в Республике Башкортостан"" л/с 20016U66090)";276090570;27601001
УФК по Республике Башкортостан (МВД по РБ);275006462;27501001
УФК по Республике Башкортостан (Отделение 37, Мишкинский РО судебных приставов УФССП по РБ);274101120;23732002
УФК по Республике Башкортостан (Управление Росприроднадзора по РБ);278007626;27801001
УФПС Республики Башкортостан;7724490000;27443001
Учебный центр;274990127;27401001
Уютный дом ООО;262012405;26201001
"Фабрика Эго-дизайн""";278924735;27801001
Фабрикант.ру;7703561549;770301001
Факториал;6318040327;631801001
Филиал N 6318 ВТБ 24 (ЗАО) Г. САМАРА;7710353606;
ФИЛИАЛ № 6318 БАНКА ВТБ (ПАО);7702070139;631543002
"Фирма ""Регион-подшипник""";273900635;27301001
Флагман ПК;5835126644;772601001
Флагман ТПК ООО;245956932;24501001
Форт Транс;275074166;27501001
Фортуна;5903151218;590301001
ФРЕЙТ ЛИНК;7728142525;27643001
ФТС;5038099140;503801001
Хайп;268082776;26801001
ХимСтальКомплект;6684017723;668401001
Холдинг СЕРТРАСТ;7707337072;770701001
Хэдхантер;7718620740;997750001
Центр гигиены и эпидемиологии в РБ;276090570;27601001
Центр лабораторной диагностики;277132053;27701001
Центр противопожарных услуг;277930327;25801001
Центр развития экономики;5034031535;503401001
Центр Экспертиз;276116394;
Центр Электронных Торгов;5260172917;526001001
ЦЕНТР, ООО;278128540;27801001
Центратор;5029210465;502901001
ЦентрТехФорм;7718537980;771501001
ЦОК РБ;274973139;27401001
ЦППК АНО ДПО;274991988;27401001
"ЦСМ ФБУ Республики Башкортостан"" л/с 20016X27880";278002498;27801001
ЧИП и ДИП;7729108750;770201001
Шагивалеев И.Н.;7,40415E+11;
Шаранский керамический комбинат;251006640;25101001
Шинсервис ООО;7725693620;774950001
ЭВРИПЛЕЙС;6952315647;695201001
ЭКОРЭТ ИНЖИНИРИНГ;274173380;25901001
ЭкоТайм;278178974;27401001
ЭкоТехнологии ООО;237004506;27501001
Экспресс ИД;276119162;
Экспресс-медиа;3702175303;370201001
Электропроммонтажсервис;264021821;26401001
ЭлектроСфера ООО;277110229;27701001
Электротехмонтаж ТД старый;7804526950;780401001
Энергия-Связь;277064188;
ЭнергоВент;277133709;27701001
Энергомаш;1832141830;183201001
Энергоучет;273050716;27301001
Энтузиаст-С;6319060894;27632001
Эпсилон;276072524;27601001
ЭСКБ;275038496;997650001
ЭТМ;5027130013;502701001
ЭТМ ТД АО;7842224734;27345001
ЭТП;1655218458;165501001
Югары;276062068;27701001
Южуралкомсервис;273018230;27301001
Яндекс;7736207543;997750001
Яндекс Маркет ООО;9704254424;770401001
